{
  "members" : [
    {
       "firstName": "Abdul",
       "lastName": "Aziz",
       "gender": "male",
       "age": 21,
       "nim": "2211104026"
    },
    {
       "firstName": "Fadhila Agil",
       "lastName": "Permana",
       "gender": "male",
       "age": 20,
       "nim": "2211104006"
    },
    {
      "firstName": "Luthfi",
      "lastName": "Hamdani",
      "gender": "male",
      "age": 20,
      "nim": "2211104023"
    },
    {
      "firstName": "Aorinka",
      "lastName": "Anendya",
      "gender": "female",
      "age": 21,
      "nim": "2211104011"
    }
  ]
}