{
  "firstName": "Abdul",
  "lastName": "Aziz",
  "gender": "male",
  "age": 21,
  "address": {
    "streetAddress": "Merden",
    "city": "Banjarnegara",
    "state": "Central Java"
  },
  "courses": [
    {
      "code": "CCK3IAB2",
      "name": "TATA TULIS ILMIAH"
    },
    {
      "code": "CCK3KAB3",
      "name": "MANAJEMEN KONFIGURASI DAN EVOLUSI PERANGKAT LUNAK"
    },
    {
      "code": "CCK2KAB4",
      "name": "KONSTRUKSI PERANGKAT LUNAK"
    },
    {
      "code": "CCK2JAC2",
      "name": "PROYEK TINGKAT II"
    },
    {
      "code": "CCK2KAB4",
      "name": "PRAKTIKUM KONSTRUKSI PERANGKAT LUNAK"
    },
    {
      "code": "CCK2DAB3",
      "name": "PROSES PERANGKAT LUNAK"
    },
    {
      "code": "CCK1LAB3",
      "name": "DESIGN THINKING"
    },
    {
      "code": "CCK2LAB3",
      "name": "KECERDASAN BUATAN"
    }
  ]
}